Grant,URL,Organization Name,Organization Website,Focus Area,Focus Area URL,Grant Amount,Date
Target Malaria - General Support,http://www.openphilanthropy.org/focus/scientific-research/miscellaneous/target-malaria-general-support,Target Malaria,http://targetmalaria.org/,Scientific Research,http://www.openphilanthropy.org/focus/scientific-research,"$17,500,000 ",17-May
Foundation for Food and Agriculture Research - Farm Animal Welfare Research,http://www.openphilanthropy.org/focus/us-policy/farm-animal-welfare/foundation-food-and-agriculture-research-farm-animal-welfare-research,Foundation for Food and Agriculture Research,http://foundationfar.org/,Farm Animal Welfare,http://www.openphilanthropy.org/focus/us-policy/farm-animal-welfare,"$1,000,000 ",17-Apr
New Partnership for Africa's Development Planning and Coordinating Agency - General Support,http://www.openphilanthropy.org/focus/scientific-research/miscellaneous/new-partnership-africa-s-development-general-support,New Partnership for Africa's Development,http://www.nepad.org/,Scientific Research,http://www.openphilanthropy.org/focus/scientific-research,"$2,350,000 ",17-Apr
Animal Charity Evaluators - General Support,http://www.openphilanthropy.org/focus/us-policy/farm-animal-welfare/animal-charity-evaluators-general-support,Animal Charity Evaluators,https://animalcharityevaluators.org/,Farm Animal Welfare,http://www.openphilanthropy.org/focus/us-policy/farm-animal-welfare,"$500,000 ",17-Apr
Rutgers University - Nuclear Conflict Climate Modeling,http://www.openphilanthropy.org/focus/global-catastrophic-risks/miscellaneous/rutgers-university-nuclear-conflict-climate-modeling,Rutgers University,http://www.rutgers.edu/,Global Catastrophic Risks,http://www.openphilanthropy.org/focus/global-catastrophic-risks,"$2,982,206 ",17-Mar
OpenAI - General Support,http://www.openphilanthropy.org/focus/global-catastrophic-risks/potential-risks-advanced-artificial-intelligence/openai-general-support,OpenAI,https://openai.com/,Potential Risks from Advanced Artificial Intelligence,http://www.openphilanthropy.org/focus/global-catastrophic-risks/potential-risks-advanced-artificial-intelligence,"$30,000,000 ",17-Mar
National Alliance of Faith and Justice - Criminal Justice Reform,http://www.openphilanthropy.org/focus/us-policy/criminal-justice-reform/national-alliance-faith-and-justice-criminal-justice-reform,National Alliance of Faith and Justice,http://www.nafj.org/index2.php,Criminal Justice Reform,http://www.openphilanthropy.org/focus/us-policy/criminal-justice-reform,"$100,000 ",17-Mar
"80,000 Hours - General Support",http://www.openphilanthropy.org/giving/grants/80000-hours-general-support,"80,000 Hours",https://80000hours.org/,Other areas,http://www.openphilanthropy.org/focus/other-areas,"$1,125,000 ",17-Mar
Wageningen UR - Chicken Welfare Systematic Assessment,http://www.openphilanthropy.org/focus/us-policy/farm-animal-welfare/wageningen-ur-broiler-welfare-review,Wageningen UR,https://www.wageningenur.nl/en.htm,Farm Animal Welfare,http://www.openphilanthropy.org/focus/us-policy/farm-animal-welfare,"$88,345 ",17-Mar
UCLA - Climate Engineering Governance,http://www.openphilanthropy.org/focus/global-catastrophic-risks/miscellaneous/ucla-climate-engineering-governance,UCLA School of Law,https://law.ucla.edu/,Global Catastrophic Risks,http://www.openphilanthropy.org/focus/global-catastrophic-risks,"$776,095 ",17-Mar
Drug Policy Alliance - Drug Decriminalization,http://www.openphilanthropy.org/focus/us-policy/criminal-justice-reform/drug-policy-alliance-drug-decriminalization,Drug Policy Alliance,http://www.drugpolicy.org/,Criminal Justice Reform,http://www.openphilanthropy.org/focus/us-policy/criminal-justice-reform,"$1,400,000 ",17-Mar
Future of Humanity Institute - General Support,http://www.openphilanthropy.org/focus/global-catastrophic-risks/potential-risks-advanced-artificial-intelligence/future-humanity-institute-general-support,Future of Humanity Institute,https://www.fhi.ox.ac.uk/,Potential Risks from Advanced Artificial Intelligence,http://www.openphilanthropy.org/focus/global-catastrophic-risks/potential-risks-advanced-artificial-intelligence,"$1,995,425 ",17-Mar
Jeanne Marchig Centre - Farm Animal Welfare Advocacy in China,http://www.openphilanthropy.org/focus/us-policy/farm-animal-welfare/jeanne-marchig-centre-farm-animal-welfare-advocacy-china,Jeanne Marchig International Centre for Animal Welfare Education,http://www.ed.ac.uk/vet/jeanne-marchig-centre,Farm Animal Welfare,http://www.openphilanthropy.org/focus/us-policy/farm-animal-welfare,"$255,816 ",17-Mar
Humane Society International - East Asian and OIE Projects,http://www.openphilanthropy.org/focus/us-policy/farm-animal-welfare/humane-society-international-east-asian-and-oie-projects,Humane Society International,http://www.hsi.org/,Farm Animal Welfare,http://www.openphilanthropy.org/focus/us-policy/farm-animal-welfare,"$1,364,000 ",17-Mar
American Civil Liberties Union Foundation of Oregon - Prosecutorial Accountability,http://www.openphilanthropy.org/focus/us-policy/criminal-justice-reform/american-civil-liberties-union-foundation-oregon-prosecutorial-accountability,American Civil Liberties Union Foundation of Oregon,https://www.aclu-or.org/,Criminal Justice Reform,http://www.openphilanthropy.org/focus/us-policy/criminal-justice-reform,"$145,000 ",17-Mar
ClimateWorks Foundation -æKigali Cooling Efficiency Program,http://www.openphilanthropy.org/focus/global-catastrophic-risks/miscellaneous/climateworks-montreal-protocol-energy-cooling-office,ClimateWorks Foundation,http://www.climateworks.org/,Global Catastrophic Risks,http://www.openphilanthropy.org/focus/global-catastrophic-risks,"$3,000,000 ",17-Mar
Georgetown Center for Global Health Science and Security - General Support,http://www.openphilanthropy.org/focus/global-catastrophic-risks/biosecurity-and-pandemic-preparedness/georgetown-center-global-health-science-and-security-general-support,Georgetown Center for Global Health Science and Security,http://ghss.georgetown.edu/,Biosecurity and Pandemic Preparedness,http://www.openphilanthropy.org/focus/global-catastrophic-risks/biosecurity,"$3,500,000 ",17-Mar
Florida Rights Restoration Coalition - General Support,http://www.openphilanthropy.org/focus/us-policy/criminal-justice-reform/florida-rights-restoration-coalition-general-support-2017,Florida Rights Restoration Coalition,https://floridarrc.com/,Criminal Justice Reform,http://www.openphilanthropy.org/focus/us-policy/criminal-justice-reform,"$130,000 ",17-Feb
ReFrame Mentorship - General Support,http://www.openphilanthropy.org/focus/us-policy/criminal-justice-reform/reframe-mentorship-general-support-2017,ReFrame Mentorship,http://www.reframementorship.org/,Criminal Justice Reform,http://www.openphilanthropy.org/focus/us-policy/criminal-justice-reform,"$100,000 ",17-Feb
Compassion in World Farming - Farm Animal Welfare Advocacy in China,http://www.openphilanthropy.org/focus/us-policy/farm-animal-welfare/compassion-world-farming-farm-animal-welfare-advocacy-china,Compassion in World Farming,https://www.ciwf.org.uk/,Farm Animal Welfare,http://www.openphilanthropy.org/focus/us-policy/farm-animal-welfare,"$765,112 ",17-Feb
Malaria Consortium - Seasonal Malaria Chemoprevention,http://www.openphilanthropy.org/focus/global-health-and-development/miscellaneous/malaria-consortium-seasonal-malaria-chemoprevention,Malaria Consortium,http://www.malariaconsortium.org/,Global Health & Development,http://www.openphilanthropy.org/focus/global-health-and-development,"$5,000,000 ",17-Feb
Prison Policy Initiative - General Support,http://www.openphilanthropy.org/focus/us-policy/criminal-justice-reform/prison-policy-initiative-general-support-2017,Prison Policy Initiative,https://www.prisonpolicy.org/,Criminal Justice Reform,http://www.openphilanthropy.org/focus/us-policy/criminal-justice-reform,"$66,000 ",17-Feb
ACLU of Northern California - Prosecutorial Accountability ,http://www.openphilanthropy.org/focus/us-policy/criminal-justice-reform/aclu-nor-cal-prosecutorial-accountability,ACLU Foundation of Northern California,https://www.aclunc.org/,Criminal Justice Reform,http://www.openphilanthropy.org/focus/us-policy/criminal-justice-reform,"$250,000 ",17-Feb
Nuclear Threat Initiative - Planning Grant for Global Health Security Index,http://www.openphilanthropy.org/focus/global-catastrophic-risks/biosecurity/nuclear-threat-initiative-global-health-security-index-planning-grant,Nuclear Threat Initiative,http://www.nti.org/,Biosecurity and Pandemic Preparedness,http://www.openphilanthropy.org/focus/global-catastrophic-risks/biosecurity,"$476,859 ",17-Feb
National Network for Safe Communities - LA Larceny Project,http://www.openphilanthropy.org/focus/us-policy/criminal-justice-reform/national-network-safe-communities-la-larceny-project,National Network for Safe Communities,https://nnscommunities.org/,Criminal Justice Reform,http://www.openphilanthropy.org/focus/us-policy/criminal-justice-reform,"$161,040 ",17-Feb
RSPCA - Farm Animal Welfare Advocacy in China,http://www.openphilanthropy.org/focus/us-policy/farm-animal-welfare/rspca-farm-animal-welfare-advocacy-china,Royal Society for the Prevention of Cruelty to Animals,https://www.rspca.org.uk/home,Farm Animal Welfare,http://www.openphilanthropy.org/focus/us-policy/farm-animal-welfare,"$453,440 ",17-Feb
Dyrevernalliansen - Fish Welfare,http://www.openphilanthropy.org/focus/us-policy/farm-animal-welfare/dyrevernalliansen-fish-welfare,Dyrevernalliansen (The Norwegian Animal Protection Alliance),https://www.dyrevern.no/english,Farm Animal Welfare,http://www.openphilanthropy.org/focus/us-policy/farm-animal-welfare,"$378,000 ",17-Feb
Justice Solutions - Anne Seymour's Crime Victims and Survivors Work,http://www.openphilanthropy.org/focus/us-policy/criminal-justice-reform/justice-solutions-anne-seymours-crime-victims-and-survivors-work,Justice Solutions,http://www.justicesolutions.org/,Criminal Justice Reform,http://www.openphilanthropy.org/focus/us-policy/criminal-justice-reform,"$112,613 ",17-Feb
Farm Forward - Chicken Welfare Advocacy,http://www.openphilanthropy.org/focus/us-policy/farm-animal-welfare/farm-forward-broiler-chicken-welfare-advocacy,Farm Forward,https://farmforward.com/,Farm Animal Welfare,http://www.openphilanthropy.org/focus/us-policy/farm-animal-welfare,"$100,000 ",17-Jan
"Johns Hopkins Center for Health Security - Biosecurity, Global Health Security, and Global Catastrophic Risks",http://www.openphilanthropy.org/focus/global-catastrophic-risks/biosecurity/center-health-security-biosecurity-global-health-security-and-global-catastrophic,Johns Hopkins Center for Health Security,http://www.upmchealthsecurity.org/,Biosecurity and Pandemic Preparedness,http://www.openphilanthropy.org/focus/global-catastrophic-risks/biosecurity,"$16,000,000 ",17-Jan
Global Alliance for Improved Nutrition - Universal Salt Iodization,http://www.openphilanthropy.org/focus/global-health-and-development/miscellaneous/global-alliance-improved-nutrition-universal-salt-iodization-2017,Global Alliance for Improved Nutrition,http://www.gainhealth.org/,Global Health & Development,http://www.openphilanthropy.org/focus/global-health-and-development,"$250,000 ",17-Jan
Blue Ribbon Study Panel on Biodefense - General Support,http://www.openphilanthropy.org/focus/global-catastrophic-risks/biosecurity/blue-ribbon-study-panel-biodefense-general-support-2017,Blue Ribbon Study Panel on Biodefense,http://www.biodefensestudy.org/,Biosecurity and Pandemic Preparedness,http://www.openphilanthropy.org/focus/global-catastrophic-risks/biosecurity,"$500,000 ",17-Jan
Fair and Just Prosecution - General Support,http://www.openphilanthropy.org/focus/us-policy/criminal-justice-reform/fair-and-just-prosecution-general-support,Fair and Just Prosecution,,Criminal Justice Reform,http://www.openphilanthropy.org/focus/us-policy/criminal-justice-reform,"$1,500,000 ",17-Jan
Albert Schweitzer Foundation - Fish Welfare,http://www.openphilanthropy.org/focus/us-policy/farm-animal-welfare/albert-schweitzer-foundation-fish-welfare,Albert Schweitzer Foundation,https://albertschweitzerfoundation.org/,Farm Animal Welfare,http://www.openphilanthropy.org/focus/us-policy/farm-animal-welfare,"$317,060 ",17-Jan
Deworm the World Initiative - General Support 2017,http://www.openphilanthropy.org/focus/global-health-and-development/miscellaneous/deworm-world-initiative-general-support-2017,Evidence Action,https://www.evidenceaction.org/,Global Health & Development,http://www.openphilanthropy.org/focus/global-health-and-development,"$4,470,000 ",17-Jan
"Mission: Launch, Inc. - Lisa Sangoi on Child Welfare",http://www.openphilanthropy.org/focus/us-policy/criminal-justice-reform/mission-launch-inc-lisa-sangoi-child-welfare,"Mission: Launch, Inc.",http://www.mission-launch.org/,Criminal Justice Reform,http://www.openphilanthropy.org/focus/us-policy/criminal-justice-reform,"$55,000 ",17-Jan
Albert Schweitzer Foundation - International Cage-Free Advocacy,http://www.openphilanthropy.org/focus/us-policy/farm-animal-welfare/albert-schweitzer-foundation-international-cage-free-advocacy,Albert Schweitzer Foundation,https://albertschweitzerfoundation.org/,Farm Animal Welfare,http://www.openphilanthropy.org/focus/us-policy/farm-animal-welfare,"$111,986 ",17-Jan
Against Malaria Foundation - General Support 2017,http://www.openphilanthropy.org/focus/global-health-and-development/miscellaneous/against-malaria-foundation-general-support-2017,Against Malaria Foundation,https://www.againstmalaria.com/,Global Health & Development,http://www.openphilanthropy.org/focus/global-health-and-development,"$15,080,000 ",17-Jan
Schistosomiasis Control Initiative - General Support 2017,http://www.openphilanthropy.org/focus/global-health-and-development/miscellaneous/schistosomiasis-control-initiative-general-support-2017,Schistosomiasis Control Initiative,https://www.imperial.ac.uk/schistosomiasis-control-initiative,Global Health & Development,http://www.openphilanthropy.org/focus/global-health-and-development,"$13,500,000 ",17-Jan
Sightsavers - Deworming,http://www.openphilanthropy.org/focus/global-health-and-development/miscellaneous/sightsavers-deworming,Sightsavers,https://www.sightsavers.org/,Global Health & Development,http://www.openphilanthropy.org/focus/global-health-and-development,"$2,950,000 ",17-Jan
GiveDirectly - General Support 2017,http://www.openphilanthropy.org/focus/global-health-and-development/miscellaneous/givedirectly-general-support-2017,GiveDirectly,https://www.givedirectly.org/,Global Health & Development,http://www.openphilanthropy.org/focus/global-health-and-development,"$2,500,000 ",17-Jan
Living Goods - General Support 2016,http://www.openphilanthropy.org/focus/global-health-and-development/miscellaneous/living-goods-general-support-2016,Living Goods,https://livinggoods.org/,Global Health & Development,http://www.openphilanthropy.org/focus/global-health-and-development,"$250,000 ",17-Jan
Project Healthy Children - General Support,http://www.openphilanthropy.org/focus/global-health-and-development/miscellaneous/project-healthy-children-general-support,Project Healthy Children,http://projecthealthychildren.com/,Global Health & Development,http://www.openphilanthropy.org/focus/global-health-and-development,"$250,000 ",17-Jan
The END Fund - Deworming,http://www.openphilanthropy.org/focus/global-health-and-development/miscellaneous/end-fund-deworming,The END Fund,http://www.end.org/,Global Health & Development,http://www.openphilanthropy.org/focus/global-health-and-development,"$5,000,000 ",16-Dec
The Pollination Project - Global Animal Advocacy Movement,http://www.openphilanthropy.org/focus/us-policy/farm-animal-welfare/pollination-project-global-animal-advocacy-movement,The Pollination Project,https://thepollinationproject.org/,Farm Animal Welfare,http://www.openphilanthropy.org/focus/us-policy/farm-animal-welfare,"$233,000 ",16-Dec
Development Media International - General Support 2016,http://www.openphilanthropy.org/focus/global-health-and-development/miscellaneous/development-media-international-general-support-2016,Development Media International,http://www.developmentmedia.net/,Global Health & Development,http://www.openphilanthropy.org/focus/global-health-and-development,"$250,000 ",16-Dec
Food Fortification Initiative - General Support,http://www.openphilanthropy.org/focus/global-health-and-development/miscellaneous/food-fortification-initiative-general-support,Food Fortification Initiative,http://www.ffinetwork.org/,Global Health & Development,http://www.openphilanthropy.org/focus/global-health-and-development,"$250,000 ",16-Dec
Iodine Global Network - General Support 2016,http://www.openphilanthropy.org/focus/global-health-and-development/miscellaneous/iodine-global-network-general-support-2016,Iodine Global Network,http://www.ign.org/,Global Health & Development,http://www.openphilanthropy.org/focus/global-health-and-development,"$250,000 ",16-Dec
Harvard University - Solar Geoengineering Research Program,http://www.openphilanthropy.org/focus/global-catastrophic-risks/miscellaneous/harvard-university-solar-geoengineering-research-program,Harvard University,http://www.harvard.edu/,Global Catastrophic Risks,http://www.openphilanthropy.org/focus/global-catastrophic-risks,"$2,500,000 ",16-Dec
The Soze Agency - Returning Citizens Project,http://www.openphilanthropy.org/focus/us-policy/criminal-justice-reform/soze-agency-returning-citizens-project,The Soze Agency,,Criminal Justice Reform,http://www.openphilanthropy.org/focus/us-policy/criminal-justice-reform,"$216,500 ",16-Dec
The Ordinary People Society - Prodigal Child Project,http://www.openphilanthropy.org/focus/us-policy/criminal-justice-reform/ordinary-people-society-prodigal-child-project,The Ordinary People Society,http://www.theordinarypeoplesociety.org/,Criminal Justice Reform,http://www.openphilanthropy.org/focus/us-policy/criminal-justice-reform,"$300,000 ",16-Dec
Blackbird - Ending Mass Incarceration,http://www.openphilanthropy.org/focus/us-policy/criminal-justice-reform/blackbird-ending-mass-incarceration,Blackbird,,Criminal Justice Reform,http://www.openphilanthropy.org/focus/us-policy/criminal-justice-reform,"$425,000 ",16-Dec
Ayni Institute - Movement Ecology and Metrics,http://www.openphilanthropy.org/focus/us-policy/criminal-justice-reform/ayni-institute-movement-ecology-and-metrics,Ayni Institute,http://www.ayni.institute/,Criminal Justice Reform,http://www.openphilanthropy.org/focus/us-policy/criminal-justice-reform,"$250,000 ",16-Dec
Griffith University - Farm Animal Welfare Advocacy in China,http://www.openphilanthropy.org/focus/us-policy/farm-animal-welfare/griffith-university-farm-animal-welfare-advocacy-china,Griffith University,https://www.griffith.edu.au/,Farm Animal Welfare,http://www.openphilanthropy.org/focus/us-policy/farm-animal-welfare,"$120,000 ",16-Dec
Mothers Against Police Brutality - Prosecutorial Reform,http://www.openphilanthropy.org/focus/us-policy/criminal-justice-reform/mothers-against-police-brutality-prosecutorial-reform,Mothers Against Police Brutality,http://mothersagainstpolicebrutality.org/,Criminal Justice Reform,http://www.openphilanthropy.org/focus/us-policy/criminal-justice-reform,"$50,000 ",16-Dec
Colorado Criminal Justice Reform Coalition - Prosecutorial Reform,http://www.openphilanthropy.org/focus/us-policy/criminal-justice-reform/colorado-criminal-justice-reform-coalition-prosecutorial-reform,Colorado Criminal Justice Reform Coalition,http://www.ccjrc.org/,Criminal Justice Reform,http://www.openphilanthropy.org/focus/us-policy/criminal-justice-reform,"$75,000 ",16-Dec
LEAD National Support Bureau - General Support,http://www.openphilanthropy.org/focus/us-policy/criminal-justice-reform/lead-national-support-bureau-general-support,LEAD National Support Bureau,http://www.leadbureau.org/,Criminal Justice Reform,http://www.openphilanthropy.org/focus/us-policy/criminal-justice-reform,"$200,000 ",16-Dec
UC Berkeley - Plant Pathology Workshop,http://www.openphilanthropy.org/focus/scientific-research/miscellaneous/uc-berkeley-plant-pathology-workshop,UC Berkeley,https://innovativegenomics.org/,Scientific Research,http://www.openphilanthropy.org/focus/scientific-research,"$63,000 ",16-Dec
Animal Welfare Standards Project - Farm Animal Welfare Advocacy in China,http://www.openphilanthropy.org/focus/us-policy/farm-animal-welfare/animal-welfare-standards-project-farm-animal-welfare-advocacy-china,Animal Welfare Standards Project,http://www.animalwelfarestandards.org/,Farm Animal Welfare,http://www.openphilanthropy.org/focus/us-policy/farm-animal-welfare,"$238,212 ",16-Dec
Civil Rights Corps - General Support,http://www.openphilanthropy.org/focus/us-policy/criminal-justice-reform/civil-rights-corps-general-support,Civil Rights Corps,http://www.civilrightscorps.org/,Criminal Justice Reform,http://www.openphilanthropy.org/focus/us-policy/criminal-justice-reform,"$200,000 ",16-Dec
AI Impacts - General Support,http://www.openphilanthropy.org/focus/global-catastrophic-risks/potential-risks-advanced-artificial-intelligence/ai-impacts-general-support,AI Impacts,http://aiimpacts.org/,Potential Risks from Advanced Artificial Intelligence,http://www.openphilanthropy.org/focus/global-catastrophic-risks/potential-risks-advanced-artificial-intelligence,"$32,000 ",16-Dec
Dream Corps - Criminal Justice and Criminalization,http://www.openphilanthropy.org/focus/us-policy/criminal-justice-reform/dream-corps-criminal-justice-and-criminalization,Dream Corps,http://www.thedreamcorps.org/,Criminal Justice Reform,http://www.openphilanthropy.org/focus/us-policy/criminal-justice-reform,"$500,000 ",16-Dec
Eurogroup for Animals - Fish Welfare,http://www.openphilanthropy.org/focus/us-policy/farm-animal-welfare/eurogroup-animals-fish-welfare,Eurogroup for Animals,http://www.eurogroupforanimals.org/,Farm Animal Welfare,http://www.openphilanthropy.org/focus/us-policy/farm-animal-welfare,"$535,699 ",16-Dec
Compassion Over Killing - U.S. Broiler Welfare Campaigns,http://www.openphilanthropy.org/focus/us-policy/farm-animal-welfare/compassion-over-killing-us-broiler-welfare-campaigns,Compassion Over Killing,http://cok.net/,Farm Animal Welfare,http://www.openphilanthropy.org/focus/us-policy/farm-animal-welfare,"$500,000 ",16-Dec
Impact Justice - Restorative Justice Project,http://www.openphilanthropy.org/focus/us-policy/criminal-justice-reform/impact-justice-restorative-justice-project,Impact Justice,http://impactjustice.org/,Criminal Justice Reform,http://www.openphilanthropy.org/focus/us-policy/criminal-justice-reform,"$2,050,000 ",16-Dec
Impossible Foods -æR&D Investment,http://www.openphilanthropy.org/focus/us-policy/farm-animal-welfare/impossible-foods,Impossible Foods,https://www.impossiblefoods.com,Farm Animal Welfare,http://www.openphilanthropy.org/focus/us-policy/farm-animal-welfare,,16-Nov
Color Of Change - Criminal Justice Meeting,http://www.openphilanthropy.org/focus/us-policy/criminal-justice-reform/color-change-criminal-justice-meeting,Color Of Change,https://www.colorofchange.org/,Criminal Justice Reform,http://www.openphilanthropy.org/focus/us-policy/criminal-justice-reform,"$30,000 ",16-Nov
Green Monday - Promoting work in China,http://www.openphilanthropy.org/focus/us-policy/farm-animal-welfare/green-monday-promoting-work-china,Green Monday,http://greenmonday.org/,Farm Animal Welfare,http://www.openphilanthropy.org/focus/us-policy/farm-animal-welfare,"$226,000 ",16-Nov
National Association of Community and Restorative Justice - Restorative Justice Conference,http://www.openphilanthropy.org/focus/us-policy/criminal-justice-reform/national-association-community-and-restorative-justice-restorative-justice-convening,National Association of Community and Restorative Justice,http://www.nacrj.org/,Criminal Justice Reform,http://www.openphilanthropy.org/focus/us-policy/criminal-justice-reform,"$50,000 ",16-Nov
Electronic Frontier Foundation - Artificial Intelligence Scenarios and Social Impacts,http://www.openphilanthropy.org/focus/global-catastrophic-risks/potential-risks-advanced-artificial-intelligence/electronic-frontier-foundation-ai-social,Electronic Frontier Foundation,https://www.eff.org/,Potential Risks from Advanced Artificial Intelligence,http://www.openphilanthropy.org/focus/global-catastrophic-risks/potential-risks-advanced-artificial-intelligence,"$199,000 ",16-Nov
Humane Society of the United States - Broiler Welfare Corporate Campaigns,http://www.openphilanthropy.org/focus/us-policy/farm-animal-welfare/humane-society-united-states-new-broiler-welfare-corporate-campaigns,Humane Society of the United States,http://www.humanesociety.org/,Farm Animal Welfare,http://www.openphilanthropy.org/focus/us-policy/farm-animal-welfare,"$1,000,000 ",16-Nov
Mercy For Animals - Broiler Chicken Welfare Corporate Campaigns,http://www.openphilanthropy.org/focus/us-policy/farm-animal-welfare/mercy-animals-broiler-chicken-welfare-corporate-campaigns,Mercy For Animals,http://www.mercyforanimals.org/,Farm Animal Welfare,http://www.openphilanthropy.org/focus/us-policy/farm-animal-welfare,"$1,000,000 ",16-Nov
The Humane League - General Support,http://www.openphilanthropy.org/focus/us-policy/farm-animal-welfare/humane-league-general-support,The Humane League,http://www.thehumaneleague.com/,Farm Animal Welfare,http://www.openphilanthropy.org/focus/us-policy/farm-animal-welfare,"$1,000,000 ",16-Nov
IDinsight - Embedded GiveWell Team,http://www.openphilanthropy.org/focus/global-health-and-development/miscellaneous/idinsight-embedded-givewell-team,IDinsight,http://idinsight.org,Global Health & Development,http://www.openphilanthropy.org/focus/global-health-and-development,"$314,752 ",16-Nov
Charity Science: Health - General Support,http://www.openphilanthropy.org/focus/global-health-and-development/miscellaneous/charity-science-health-general-support,Charity Science: Health,http://www.charitysciencehealth.com/,Global Health & Development,http://www.openphilanthropy.org/focus/global-health-and-development,"$200,000 ",16-Nov
Youth First Initiative - General Support,http://www.openphilanthropy.org/focus/us-policy/criminal-justice-reform/youth-first-initiative-general-support,Youth First Initiative,http://www.youthfirstinitiative.org/,Criminal Justice Reform,http://www.openphilanthropy.org/focus/us-policy/criminal-justice-reform,"$250,000 ",16-Oct
Essie Justice Group - General Support,http://www.openphilanthropy.org/focus/us-policy/criminal-justice-reform/essie-justice-group-general-support,Essie Justice Group,http://www.essiejusticegroup.org/,Criminal Justice Reform,http://www.openphilanthropy.org/focus/us-policy/criminal-justice-reform,"$600,000 ",16-Oct
Fórum Nacional de Proteção e Defesa Animal — International Cage-Free Advocacy,http://www.openphilanthropy.org/focus/us-policy/farm-animal-welfare/forum-nacional-de-protecao-e-defesa-animal-international-cage-free-advocacy,FÑrum Nacional de ProteçÜo e Defesa Animal,http://www.forumanimal.org/,Farm Animal Welfare,http://www.openphilanthropy.org/focus/us-policy/farm-animal-welfare,"$100,000 ",16-Oct
Justice Strategies - General Support,http://www.openphilanthropy.org/focus/us-policy/criminal-justice-reform/justice-strategies-general-support,Justice Strategies,http://www.justicestrategies.org/,Criminal Justice Reform,http://www.openphilanthropy.org/focus/us-policy/criminal-justice-reform,"$200,000 ",16-Oct
Center for International Security and Cooperation -æMegan Palmer's Biosecurity Research,http://www.openphilanthropy.org/focus/global-catastrophic-risks/biosecurity/center-international-security-and-cooperation-biosecurity-research,Center for International Security and Cooperation,http://cisac.fsi.stanford.edu/,Biosecurity and Pandemic Preparedness,http://www.openphilanthropy.org/focus/global-catastrophic-risks/biosecurity,"$643,415 ",16-Oct
New Virginia Majority - Formerly Incarcerated Organizers,http://www.openphilanthropy.org/focus/us-policy/criminal-justice-reform/new-virginia-majority-formerly-incarcerated-organizers,New Virginia Majority Education Fund,http://www.newvirginiamajority.org/,Criminal Justice Reform,http://www.openphilanthropy.org/focus/us-policy/criminal-justice-reform,"$50,000 ",16-Oct
Texas Fair Defense Project - General Support,http://www.openphilanthropy.org/focus/us-policy/criminal-justice-reform/texas-fair-defense-project-general-support,Texas Fair Defense Project,http://www.fairdefense.org/,Criminal Justice Reform,http://www.openphilanthropy.org/focus/us-policy/criminal-justice-reform,"$63,000 ",16-Oct
UPMC Center for Health Security -æEmerging Leaders in Biosecurity Initiative,http://www.openphilanthropy.org/focus/global-catastrophic-risks/biosecurity/upmc-center-health-security-emerging-leaders-biosecurity-initiative,UPMC Center for Health Security,http://www.upmchealthsecurity.org/,Biosecurity and Pandemic Preparedness,http://www.openphilanthropy.org/focus/global-catastrophic-risks/biosecurity,"$2,744,000 ",16-Oct
World Animal Protection - Farm Animal Welfare Advocacy in China,http://www.openphilanthropy.org/focus/us-policy/farm-animal-welfare/world-animal-protection-farm-animal-welfare-advocacy-china,World Animal Protection,https://www.worldanimalprotection.org/,Farm Animal Welfare,http://www.openphilanthropy.org/focus/us-policy/farm-animal-welfare,"$544,607 ",16-Oct
Founders Pledge - General Support,http://www.openphilanthropy.org/giving/grants/founders-pledge-general-support,Founders Pledge,https://founderspledge.com/,Other areas,http://www.openphilanthropy.org/focus/other-areas,"$1,032,947 ",16-Sep
WildAid - Reducing Meat Consumption in China,http://www.openphilanthropy.org/focus/us-policy/farm-animal-welfare/wildaid-reducing-meat-consumption-china,WildAid,http://wildaid.org/,Farm Animal Welfare,http://www.openphilanthropy.org/focus/us-policy/farm-animal-welfare,"$700,000 ",16-Sep
Future of Humanity Institute -æBiosecurity and Pandemic Preparedness,http://www.openphilanthropy.org/focus/global-catastrophic-risks/biosecurity/future-humanity-institute-biosecurity-and-pandemic-preparedness,Future of Humanity Institute,https://www.fhi.ox.ac.uk,Biosecurity and Pandemic Preparedness,http://www.openphilanthropy.org/focus/global-catastrophic-risks/biosecurity,"$115,652 ",16-Sep
The Good Food Institute - General Support,http://www.openphilanthropy.org/focus/us-policy/farm-animal-welfare/good-food-institute-general-support,The Good Food Institute,http://www.gfi.org/,Farm Animal Welfare,http://www.openphilanthropy.org/focus/us-policy/farm-animal-welfare,"$1,000,000 ",16-Sep
University of Cape Town - Geomagnetics Research,http://www.openphilanthropy.org/focus/global-catastrophic-risks/miscellaneous/university-cape-town-geomagnetics-research,University of Cape Town,http://www.uct.ac.za/,Global Catastrophic Risks,http://www.openphilanthropy.org/focus/global-catastrophic-risks,"$493,425 ",16-Sep
Brighter Green - Farm Animal Welfare Advocacy in China,http://www.openphilanthropy.org/focus/us-policy/farm-animal-welfare/brighter-green-farm-animal-welfare-advocacy-china,Brighter Green,http://brightergreen.org/,Farm Animal Welfare,http://www.openphilanthropy.org/focus/us-policy/farm-animal-welfare,"$99,360 ",16-Sep
CDC Foundation -æMalaria Control Research,http://www.openphilanthropy.org/focus/scientific-research/miscellaneous/cdc-foundation-malaria-control-research,CDC Foundation,http://www.cdcfoundation.org,Scientific Research,http://www.openphilanthropy.org/focus/scientific-research,"$1,214,437 ",16-Sep
Faith in Texas -æGeneral Support,http://www.openphilanthropy.org/focus/us-policy/criminal-justice-reform/faith-texas-general-support,Faith in Texas,http://www.faithintx.org/,Criminal Justice Reform,http://www.openphilanthropy.org/focus/us-policy/criminal-justice-reform,"$637,000 ",16-Sep
Brooklyn Community Bail Fund - General Support,http://www.openphilanthropy.org/focus/us-policy/criminal-justice-reform/brooklyn-community-bail-fund-general-support,Brooklyn Community Bail Fund,http://www.brooklynbailfund.org/,Criminal Justice Reform,http://www.openphilanthropy.org/focus/us-policy/criminal-justice-reform,"$404,800 ",16-Sep
Project Peanut Butter -æReady-to-Use Therapeutic Food RCT,http://www.openphilanthropy.org/giving/grants/project-peanut-butter-ready-use-therapeutic-food-rct,Project Peanut Butter,http://www.projectpeanutbutter.org/#home,Other areas,http://www.openphilanthropy.org/focus/other-areas,"$724,929 ",16-Sep
"GiveWell - Top Charity ""Participation"" Grants (2016)",http://www.openphilanthropy.org/focus/global-health-and-development/miscellaneous/givewell-top-charity-participation-grants-2016,GiveWell,http://www.givewell.org/,Global Health & Development,http://www.openphilanthropy.org/focus/global-health-and-development,"$500,000 ",16-Sep
People for Animals - International Cage-Free Advocacy,http://www.openphilanthropy.org/focus/us-policy/farm-animal-welfare/people-animals-international-cage-free-advocacy,People for Animals,http://www.peopleforanimalsindia.org/,Farm Animal Welfare,http://www.openphilanthropy.org/focus/us-policy/farm-animal-welfare,"$89,392 ",16-Aug
Machine Intelligence Research Institute - General Support ,http://www.openphilanthropy.org/focus/global-catastrophic-risks/potential-risks-advanced-artificial-intelligence/machine-intelligence-research-institute-general-support,Machine Intelligence Research Institute,http://intelligence.org/,Potential Risks from Advanced Artificial Intelligence,http://www.openphilanthropy.org/focus/global-catastrophic-risks/potential-risks-advanced-artificial-intelligence,"$500,000 ",16-Aug
Florida Rights Restoration Coalition -æGeneral Support,http://www.openphilanthropy.org/focus/us-policy/criminal-justice-reform/florida-rights-restoration-coalition-general-support,Florida Rights Restoration Coalition,,Criminal Justice Reform,http://www.openphilanthropy.org/focus/us-policy/criminal-justice-reform,"$48,000 ",16-Aug
UC Berkeley - Center for Human-Compatible AI,http://www.openphilanthropy.org/focus/global-catastrophic-risks/potential-risks-advanced-artificial-intelligence/uc-berkeley-center-human-compatible-ai,UC Berkeley,http://www.berkeley.edu/,Potential Risks from Advanced Artificial Intelligence,http://www.openphilanthropy.org/focus/global-catastrophic-risks/potential-risks-advanced-artificial-intelligence,"$5,555,550 ",16-Aug
Humane Society International -æInternational Cage-Free Outreach,http://www.openphilanthropy.org/focus/us-policy/farm-animal-welfare/humane-society-international-international-cage-free-outreach,Humane Society International,http://www.hsi.org/,Farm Animal Welfare,http://www.openphilanthropy.org/focus/us-policy/farm-animal-welfare,"$1,000,000 ",16-Aug
Mercy For Animals - International Cage-Free Advocacy,http://www.openphilanthropy.org/focus/us-policy/farm-animal-welfare/mercy-animals-international-cage-free-advocacy,Mercy For Animals,http://www.mercyforanimals.org/,Farm Animal Welfare,http://www.openphilanthropy.org/focus/us-policy/farm-animal-welfare,"$1,000,000 ",16-Aug
Animal Equality - International Cage-Free Advocacy,http://www.openphilanthropy.org/focus/us-policy/farm-animal-welfare/animal-equality-international-cage-free-advocacy,Animal Equality,http://www.animalequality.net/,Farm Animal Welfare,http://www.openphilanthropy.org/focus/us-policy/farm-animal-welfare,"$500,000 ",16-Aug
Blue Ribbon Study Panel on Biodefense - General Support,http://www.openphilanthropy.org/focus/global-catastrophic-risks/biosecurity/blue-ribbon-study-panel-biodefense-general-support,Blue Ribbon Study Panel on Biodefense,http://www.biodefensestudy.org/,Biosecurity and Pandemic Preparedness,http://www.openphilanthropy.org/focus/global-catastrophic-risks/biosecurity,"$1,300,000 ",16-Aug
Mijente -æCriminal Justice Reform,http://www.openphilanthropy.org/focus/us-policy/criminal-justice-reform/mijente-criminal-justice-reform,Mijente,http://mijente.net/,Criminal Justice Reform,http://www.openphilanthropy.org/focus/us-policy/criminal-justice-reform,"$255,000 ",16-Aug
ReFrame Mentorship -æGeneral Support,http://www.openphilanthropy.org/focus/us-policy/criminal-justice-reform/reframe-mentorship-general-support,ReFrame Mentorship,http://www.reframementorship.org/,Criminal Justice Reform,http://www.openphilanthropy.org/focus/us-policy/criminal-justice-reform,"$37,000 ",16-Jul
The Humane League -æInternational Cage-Free Advocacy,http://www.openphilanthropy.org/focus/us-policy/farm-animal-welfare/humane-league-international-cage-free-advocacy,The Humane League,http://www.thehumaneleague.com/,Farm Animal Welfare,http://www.openphilanthropy.org/focus/us-policy/farm-animal-welfare,"$1,000,000 ",16-Jul
Vera Institute of Justice - New Orleans User-Funded Justice System,http://www.openphilanthropy.org/focus/us-policy/criminal-justice-reform/vera-institute-justice-new-orleans-user-funded-justice-system,Vera Institute of Justice,http://www.vera.org/,Criminal Justice Reform,http://www.openphilanthropy.org/focus/us-policy/criminal-justice-reform,"$100,000 ",16-Jul
Foundation for the National Institutes of Health - Working Group on Malaria Gene Drive Testing Path,http://www.openphilanthropy.org/focus/scientific-research/miscellaneous/foundation-national-institutes-health-working-group,Foundation for the National Institutes of Health,http://www.fnih.org/,Scientific Research,http://www.openphilanthropy.org/focus/scientific-research,"$1,228,845 ",16-Jul
Center for Applied Rationality - General Support,http://www.openphilanthropy.org/giving/grants/center-applied-rationality-general-support,Center for Applied Rationality,http://rationality.org/,Other areas,http://www.openphilanthropy.org/focus/other-areas,"$1,035,000 ",16-Jul
Ayni Institute -æMomentum Training,http://www.openphilanthropy.org/focus/us-policy/criminal-justice-reform/ayni-institute-momentum-training,Ayni Institute,http://www.ayni.institute/,Criminal Justice Reform,http://www.openphilanthropy.org/focus/us-policy/criminal-justice-reform,"$40,000 ",16-Jul
Center for Court Innovation - New Thinking about Criminal Justice Responses,http://www.openphilanthropy.org/focus/us-policy/criminal-justice-reform/center-court-innovation-new-thinking-about-criminal-justice-responses,Center for Court Innovation,http://www.courtinnovation.org/,Criminal Justice Reform,http://www.openphilanthropy.org/focus/us-policy/criminal-justice-reform,"$160,000 ",16-Jul
Harvard University - Program in Criminal Justice Policy and Management,http://www.openphilanthropy.org/focus/us-policy/criminal-justice-reform/harvard-university-program-criminal-justice-policy-and-management,Harvard University,https://www.hks.harvard.edu/programs/criminaljustice,Criminal Justice Reform,http://www.openphilanthropy.org/focus/us-policy/criminal-justice-reform,"$783,000 ",16-Jul
Legal Services for Prisoners with Children - General Support,http://www.openphilanthropy.org/focus/us-policy/criminal-justice-reform/legal-services-prisoners-children-general-support,Legal Services for Prisoners with Children,http://www.prisonerswithchildren.org/,Criminal Justice Reform,http://www.openphilanthropy.org/focus/us-policy/criminal-justice-reform,"$70,000 ",16-Jul
The Ordinary People Society - General Support,http://www.openphilanthropy.org/focus/us-policy/criminal-justice-reform/ordinary-peoples-society-general-support,The Ordinary People Society,http://theordinarypeoplesociety.org/,Criminal Justice Reform,http://www.openphilanthropy.org/focus/us-policy/criminal-justice-reform,"$125,000 ",16-Jul
Center on Budget and Policy Priorities - Full Employment Project 2016,http://www.openphilanthropy.org/focus/us-policy/macroeconomic-policy/center-budget-and-policy-priorities-full-employment-project-2016,Center on Budget and Policy Priorities,http://www.cbpp.org/,Macroeconomic Stabilization Policy,http://www.openphilanthropy.org/focus/us-policy/macroeconomic-policy,"$425,000 ",16-Jul
Vera Institute of Justice -æCommon Justice,http://www.openphilanthropy.org/focus/us-policy/criminal-justice-reform/vera-institute-justice-common-justice-2,Vera Institute of Justice,http://www.vera.org/,Criminal Justice Reform,http://www.openphilanthropy.org/focus/us-policy/criminal-justice-reform,"$8,000 ",16-Jun
Prison Policy Initiative - General Support,http://www.openphilanthropy.org/focus/us-policy/criminal-justice-reform/prison-policy-initiative-general-support,Prison Policy Initiative,http://www.prisonpolicy.org/,Criminal Justice Reform,http://www.openphilanthropy.org/focus/us-policy/criminal-justice-reform,"$50,000 ",16-Jun
Alliance for Safety and Justice - General Support,http://www.openphilanthropy.org/focus/us-policy/criminal-justice-reform/alliance-safety-and-justice-general-support-2,Alliance for Safety and Justice,https://www.allianceforsafetyandjustice.org/,Criminal Justice Reform,http://www.openphilanthropy.org/focus/us-policy/criminal-justice-reform,"$3,000,000 ",16-Jun
California Renters Legal Advocacy and Education Fund - General Support,http://www.openphilanthropy.org/focus/us-policy/land-use-reform/california-renters-legal-advocacy-and-education-fund-general-support,California Renters Legal Advocacy and Education Fund,http://www.carlaef.org/,Land Use Reform,http://www.openphilanthropy.org/focus/us-policy/land-use-reform,"$300,000 ",16-Jun
Economic Policy Institute -æMacroeconomic Policy Research,http://www.openphilanthropy.org/focus/us-policy/macroeconomic-policy/economic-policy-institute-macroeconomic-policy-research,Economic Policy Institute,http://www.epi.org/,Macroeconomic Stabilization Policy,http://www.openphilanthropy.org/focus/us-policy/macroeconomic-policy,"$500,000 ",16-Jun
George Mason University - Research into Future Artificial Intelligence Scenarios,http://www.openphilanthropy.org/focus/global-catastrophic-risks/potential-risks-advanced-artificial-intelligence/george-mason-university-research-future-artificial-intelligence-scenarios,George Mason University,https://www2.gmu.edu/,Potential Risks from Advanced Artificial Intelligence,http://www.openphilanthropy.org/focus/global-catastrophic-risks/potential-risks-advanced-artificial-intelligence,"$264,525 ",16-Jun
Roosevelt Institute - Macroeconomic Policy Research,http://www.openphilanthropy.org/focus/us-policy/macroeconomic-policy/roosevelt-institute-macroeconomic-policy-research,Roosevelt Institute,http://rooseveltinstitute.org/,Macroeconomic Stabilization Policy,http://www.openphilanthropy.org/focus/us-policy/macroeconomic-policy,"$200,000 ",16-Jun
Colorado Criminal Justice Reform Coalition - General Support,http://www.openphilanthropy.org/focus/us-policy/criminal-justice-reform/colorado-criminal-justice-reform-coalition-general-support,Colorado Criminal Justice Reform Coalition,http://www.ccjrc.org/,Criminal Justice Reform,http://www.openphilanthropy.org/focus/us-policy/criminal-justice-reform,"$61,600 ",16-Jun
IDinsight - General Support,http://www.openphilanthropy.org/focus/global-health-and-development/miscellaneous/idinsight-general-support,IDinsight,http://idinsight.org,Global Health & Development,http://www.openphilanthropy.org/focus/global-health-and-development,"$1,985,000 ",16-Jun
Center for Applied Rationality - SPARC,http://www.openphilanthropy.org/giving/grants/center-applied-rationality-sparc,Center for Applied Rationality,http://rationality.org,Other areas,http://www.openphilanthropy.org/focus/other-areas,"$304,000 ",16-May
American Conservative Union - Center for Criminal Justice Reform,http://www.openphilanthropy.org/focus/us-policy/criminal-justice-reform/american-conservative-union-center-criminal-justice-reform,American Conservative Union,http://conservative.org/,Criminal Justice Reform,http://www.openphilanthropy.org/focus/us-policy/criminal-justice-reform,"$200,000 ",16-May
Promise of Justice Initiative - General Support,http://www.openphilanthropy.org/focus/us-policy/criminal-justice-reform/promise-justice-initiative-general-support,Promise of Justice Initiative,http://justicespromise.org/,Criminal Justice Reform,http://www.openphilanthropy.org/focus/us-policy/criminal-justice-reform,"$81,000 ",16-May
American University - Forum for Climate Engineering Assessment,http://www.openphilanthropy.org/focus/global-catastrophic-risks/miscellaneous/american-university-forum-climate-engineering-assessment,Forum for Climate Engineering Assessment,http://dcgeoconsortium.org/,Global Catastrophic Risks,http://www.openphilanthropy.org/focus/global-catastrophic-risks,"$76,234 ",16-May
International Refugee Assistance Project - General Support,http://www.openphilanthropy.org/focus/us-policy/immigration-policy/international-refugee-assistance-project-general-support,International Refugee Assistance Project,http://refugeerights.org/,Immigration Policy,http://www.openphilanthropy.org/focus/us-policy/immigration-policy,"$700,000 ",16-May
iGEM - Synthetic Biology Safety and Security,http://www.openphilanthropy.org/focus/global-catastrophic-risks/biosecurity/igem-synthetic-biology-safety-and-security,International Genetically Engineered Machine Foundation,http://igem.org/,Biosecurity and Pandemic Preparedness,http://www.openphilanthropy.org/focus/global-catastrophic-risks/biosecurity,"$520,000 ",16-May
Innovations for Poverty Action - Mindset Engagement in Cash Transfers,http://www.openphilanthropy.org/focus/global-health-and-development/miscellaneous/innovations-poverty-action-mindset-engagement-cash-transfers,Innovations for Poverty Action,http://www.poverty-action.org/,Global Health & Development,http://www.openphilanthropy.org/focus/global-health-and-development,"$350,000 ",16-May
Results for Development - Childhood Pneumonia Treatment Scale-Up,http://www.openphilanthropy.org/focus/global-health-and-development/miscellaneous/results-development-childhood-pneumonia-treatment-scale,Results for Development,http://www.resultsfordevelopment.org/,Global Health & Development,http://www.openphilanthropy.org/focus/global-health-and-development,"$6,400,000 ",16-May
Free Migration Project - Planning Grant,http://www.openphilanthropy.org/focus/us-policy/immigration-policy/free-migration-project-planning-grant,Free Migration Project,https://freemigrationproject.org/,Immigration Policy,http://www.openphilanthropy.org/focus/us-policy/immigration-policy,"$24,000 ",16-May
Better Boulder - YIMBY 2016,http://www.openphilanthropy.org/focus/us-policy/land-use-reform/better-boulder-yimby-2016,Better Boulder,http://betterboulder.com/,Land Use Reform,http://www.openphilanthropy.org/focus/us-policy/land-use-reform,"$37,000 ",16-Apr
Accountable Justice Project - General Support,http://www.openphilanthropy.org/focus/us-policy/criminal-justice-reform/accountable-justice-project-general-support,Accountable Justice Project,,Criminal Justice Reform,http://www.openphilanthropy.org/focus/us-policy/criminal-justice-reform,"$350,000 ",16-Apr
Future of Research - General Support,http://www.openphilanthropy.org/focus/scientific-research/miscellaneous/future-research-general-support,Future of Research,http://futureofresearch.org/,Scientific Research,http://www.openphilanthropy.org/focus/scientific-research,"$300,000 ",16-Apr
Compassion in World Farming USA - General Support,http://www.openphilanthropy.org/focus/us-policy/farm-animal-welfare/CIWF-USA-general-support,Compassion in World Farming USA,https://www.ciwf.com/,Farm Animal Welfare,http://www.openphilanthropy.org/focus/us-policy/farm-animal-welfare,"$550,000 ",16-Apr
Correctional Association of New York - General Support,http://www.openphilanthropy.org/focus/us-policy/criminal-justice-reform/correctional-association-new-york-general-support,Correctional Association of New York,http://www.correctionalassociation.org/,Criminal Justice Reform,http://www.openphilanthropy.org/focus/us-policy/criminal-justice-reform,"$50,000 ",16-Apr
Global Animal Partnership - General Support,http://www.openphilanthropy.org/focus/us-policy/farm-animal-welfare/global-animal-partnership-general-support,Global Animal Partnership,http://www.globalanimalpartnership.org/,Farm Animal Welfare,http://www.openphilanthropy.org/focus/us-policy/farm-animal-welfare,"$500,000 ",16-Apr
Peterson Institute for International Economics - Macroeconomic Stabilization,http://www.openphilanthropy.org/focus/us-policy/macroeconomic-policy/peterson-institute-international-economics-macroeconomic-stabilization,Peterson Institute for International Economics,http://www.piie.com/,Macroeconomic Stabilization Policy,http://www.openphilanthropy.org/focus/us-policy/macroeconomic-policy,"$250,000 ",16-Apr
Center for American Progress - Macroeconomic Stabilization,http://www.openphilanthropy.org/focus/us-policy/macroeconomic-policy/center-american-progress-macroeconomic-stabilization,Center for American Progress,https://www.americanprogress.org/,Macroeconomic Stabilization Policy,http://www.openphilanthropy.org/focus/us-policy/macroeconomic-policy,"$500,000 ",16-Mar
University of Pennsylvania - Philip Tetlock on Forecasting,http://www.openphilanthropy.org/giving/grants/university-pennsylvania-philip-tetlock-forecasting,University of Pennsylvania,http://www.upenn.edu/,Other areas,http://www.openphilanthropy.org/focus/other-areas,"$500,000 ",16-Mar
Ayni Institute - Movement Ecology Training,http://www.openphilanthropy.org/focus/us-policy/criminal-justice-reform/ayni-institute-movement-ecology-training,Ayni Institute,http://www.ayni.institute/,Criminal Justice Reform,http://www.openphilanthropy.org/focus/us-policy/criminal-justice-reform,"$115,000 ",16-Mar
Future of Life Institute - General Support,http://www.openphilanthropy.org/focus/global-catastrophic-risks/miscellaneous/future-life-institute-general-support,Future of Life Institute,http://futureoflife.org/,Global Catastrophic Risks,http://www.openphilanthropy.org/focus/global-catastrophic-risks,"$100,000 ",16-Mar
Institute of the Black World - Criminal Justice Reform,http://www.openphilanthropy.org/focus/us-policy/criminal-justice-reform/institute-black-world-criminal-justice-reform,Institute of the Black World,http://ibw21.org/,Criminal Justice Reform,http://www.openphilanthropy.org/focus/us-policy/criminal-justice-reform,"$50,000 ",16-Mar
The Ordinary People Society -æCriminal Justice Reform,http://www.openphilanthropy.org/focus/us-policy/criminal-justice-reform/ordinary-people-society-criminal-justice-reform,The Ordinary People Society,http://www.theordinarypeoplesociety.org/,Criminal Justice Reform,http://www.openphilanthropy.org/focus/us-policy/criminal-justice-reform,"$50,000 ",16-Mar
Massachusetts Institute of Technology  - Synthetic Neurobiology Group,http://www.openphilanthropy.org/focus/scientific-research/miscellaneous/massachusetts-institute-technology-synthetic-neurobiology-group,MIT Synthetic Neurobiology Group,http://syntheticneurobiology.org/,Other areas,http://www.openphilanthropy.org/focus/other-areas,"$2,970,000 ",16-Mar
Evidence Action - No Lean Season,http://www.openphilanthropy.org/focus/global-health-and-development/miscellaneous/evidence-action-no-lean-season,Evidence Action,https://www.evidenceaction.org/,Global Health & Development,http://www.openphilanthropy.org/focus/global-health-and-development,"$812,351 ",16-Mar
New Incentives - General Support (2016),http://www.openphilanthropy.org/focus/global-health-and-development/miscellaneous/new-incentives-general-support-2016,New Incentives,http://www.newincentives.org/,Global Health & Development,http://www.openphilanthropy.org/focus/global-health-and-development,"$100,000 ",16-Mar
Vera Institute of Justice - Common Justice,http://www.openphilanthropy.org/focus/us-policy/criminal-justice-reform/vera-institute-justice-common-justice,Vera Institute of Justice,http://www.vera.org,Criminal Justice Reform,http://www.openphilanthropy.org/focus/us-policy/criminal-justice-reform,"$200,000 ",16-Feb
Seattle for Everyone - General Support,http://www.openphilanthropy.org/focus/us-policy/land-use-reform/seattle-everyone-general-support,Seattle for Everyone,http://seattleforeveryone.org/,Land Use Reform,http://www.openphilanthropy.org/focus/us-policy/land-use-reform,"$50,000 ",16-Feb
Protect the People - Seasonal Migration from Haiti,http://www.openphilanthropy.org/focus/us-policy/immigration-policy/protect-people-seasonal-migration-haiti,Protect the People,http://www.protectthepeople.org/,Immigration Policy,http://www.openphilanthropy.org/focus/us-policy/immigration-policy,"$550,000 ",16-Feb
Mercy For Animals - Corporate Cage-Free Campaigns,http://www.openphilanthropy.org/focus/us-policy/farm-animal-welfare/mercy-animals-corporate-cage-free-campaigns,Mercy For Animals,http://www.mercyforanimals.org/,Farm Animal Welfare,http://www.openphilanthropy.org/focus/us-policy/farm-animal-welfare,"$1,000,000 ",16-Feb
Center for Global Development - General Support 2016,http://www.openphilanthropy.org/focus/global-health-and-development/miscellaneous/center-global-development-general-support-2016,Center for Global Development,http://www.cgdev.org/,Global Health & Development,http://www.openphilanthropy.org/focus/global-health-and-development,"$3,000,000 ",16-Feb
The Humane Society of the United States - Corporate Cage-Free Campaigns,http://www.openphilanthropy.org/focus/us-policy/farm-animal-welfare/humane-society-united-states-corporate-cage-free-campaigns,The Humane Society of the United States,http://www.humanesociety.org/issues/campaigns/factory_farming/,Farm Animal Welfare,http://www.openphilanthropy.org/focus/us-policy/farm-animal-welfare,"$500,000 ",16-Feb
Alliance for Safety and Justice - General Support,http://www.openphilanthropy.org/focus/us-policy/criminal-justice-reform/alliance-safety-and-justice-general-support,Alliance for Safety and Justice,https://www.allianceforsafetyandjustice.org/,Criminal Justice Reform,http://www.openphilanthropy.org/focus/us-policy/criminal-justice-reform,"$1,750,000 ",16-Feb
The Humane League - Corporate Cage-Free Campaigns,http://www.openphilanthropy.org/focus/us-policy/farm-animal-welfare/humane-league-corporate-cage-free-campaigns,The Humane League,http://www.thehumaneleague.com/,Farm Animal Welfare,http://www.openphilanthropy.org/focus/us-policy/farm-animal-welfare,"$1,000,000 ",16-Feb
Voice of the Ex-Offender - Southern Regional Convening,http://www.openphilanthropy.org/focus/us-policy/criminal-justice-reform/voice-ex-offender-southern-regional-convening,Voice of the Ex-Offender,http://www.vote-nola.org/,Criminal Justice Reform,http://www.openphilanthropy.org/focus/us-policy/criminal-justice-reform,"$40,000 ",16-Feb
Princeton University - Rescuing Biomedical Research,http://www.openphilanthropy.org/focus/scientific-research/miscellaneous/princeton-university-rescuing-biomedical-research,Rescuing Biomedical Research,http://rescuingbiomedicalresearch.org/,Scientific Research,http://www.openphilanthropy.org/focus/scientific-research,"$299,112 ",16-Jan
GiveDirectly - General Support 2016,http://www.openphilanthropy.org/focus/global-health-and-development/miscellaneous/givedirectly-general-support-2016,GiveDirectly,https://www.givedirectly.org/,Global Health & Development,http://www.openphilanthropy.org/focus/global-health-and-development,"$9,750,000 ",16-Jan
Schistosomiasis Control Initiative - General Support 2016,http://www.openphilanthropy.org/focus/global-health-and-development/miscellaneous/schistosomiasis-control-initiative-general-support-2016,Schistosomiasis Control Initiative,https://www.imperial.ac.uk/schistosomiasis-control-initiative,Global Health & Development,http://www.openphilanthropy.org/focus/global-health-and-development,"$1,000,000 ",16-Jan
Deworm the World Initiative - General Support 2016,http://www.openphilanthropy.org/focus/global-health-and-development/miscellaneous/deworm-world-initiative-general-support-2016,Evidence Action,http://www.evidenceaction.org/,Global Health & Development,http://www.openphilanthropy.org/focus/global-health-and-development,"$10,790,000 ",16-Jan
Against Malaria Foundation - General Support 2016,http://www.openphilanthropy.org/focus/global-health-and-development/miscellaneous/against-malaria-foundation-general-support-2016,Against Malaria Foundation,https://www.againstmalaria.com/,Global Health & Development,http://www.openphilanthropy.org/focus/global-health-and-development,"$22,845,518 ",16-Jan
JustLeadershipUSA - Campaign to Close Rikers,http://www.openphilanthropy.org/focus/us-policy/criminal-justice-reform/justleadershipusa-close-rikers-campaign,JustLeadershipUSA,https://www.justleadershipusa.org/,Criminal Justice Reform,http://www.openphilanthropy.org/focus/us-policy/criminal-justice-reform,"$900,000 ",15-Dec
ImmigrationWorks Foundation - General Support 2016,http://www.openphilanthropy.org/focus/us-policy/immigration-policy/immigrationworks-general-support-2016,ImmigrationWorks Foundation,http://www.immigrationworksusa.org/index.php?p=520,Immigration Policy,http://www.openphilanthropy.org/focus/us-policy/immigration-policy,"$150,000 ",15-Dec
Center for Popular Democracy - Fed Up Campaign 2016,http://www.openphilanthropy.org/focus/us-policy/macroeconomic-policy/center-popular-democracy-fed-campaign-2016,Center for Popular Democracy,http://populardemocracy.org/,Macroeconomic Stabilization Policy,http://www.openphilanthropy.org/focus/us-policy/macroeconomic-policy,"$1,429,000 ",15-Dec
Development Media International - General Support 2015,http://www.openphilanthropy.org/focus/global-health-and-development/miscellaneous/development-media-international-general-support-2015,Development Media International,http://www.developmentmedia.net/,Global Health & Development,http://www.openphilanthropy.org/focus/global-health-and-development,"$250,000 ",15-Dec
Iodine Global Network - General Support 2015,http://www.openphilanthropy.org/focus/global-health-and-development/miscellaneous/iodine-global-network-general-support-2015,Iodine Global Network,http://www.ign.org,Global Health & Development,http://www.openphilanthropy.org/focus/global-health-and-development,"$250,000 ",15-Dec
Living Goods - General Support 2015,http://www.openphilanthropy.org/focus/global-health-and-development/miscellaneous/living-goods-general-support-2015,Living Goods,https://livinggoods.org/,Global Health & Development,http://www.openphilanthropy.org/focus/global-health-and-development,"$250,000 ",15-Dec
Sightline Institute - Housing and Urban Development,http://www.openphilanthropy.org/focus/us-policy/land-use-reform/sightline-institute-housing-and-urban-development,Sightline Institute,http://www.sightline.org/,Land Use Reform,http://www.openphilanthropy.org/focus/us-policy/land-use-reform,"$400,000 ",15-Oct
Global Alliance for Improved Nutrition - General Support 2015,http://www.openphilanthropy.org/focus/global-health-and-development/miscellaneous/global-alliance-improved-nutrition-general-support-2015,Global Alliance for Improved Nutrition,http://www.gainhealth.org/,Global Health & Development,http://www.openphilanthropy.org/focus/global-health-and-development,"$250,000 ",15-Oct
Niskanen Center - Research on Immigration Policy,http://www.openphilanthropy.org/focus/us-policy/immigration-policy/niskanen-immigration,Niskanen Center,https://niskanencenter.org/,Immigration Policy,http://www.openphilanthropy.org/focus/us-policy/immigration-policy,"$360,000 ",15-Oct
Human Impact Partners - Criminal Justice Convening,http://www.openphilanthropy.org/focus/us-policy/criminal-justice-reform/human-impact-partners-convening,Human Impact Partners,http://www.humanimpact.org/,Criminal Justice Reform,http://www.openphilanthropy.org/focus/us-policy/criminal-justice-reform,"$60,990 ",15-Oct
J-PAL - Support for Immunization Incentives RCTs,http://www.openphilanthropy.org/focus/global-health-and-development/miscellaneous/j-pal-support-immunization-incentives-rcts,Abdul Latif Jameel Poverty Action Lab,https://www.povertyactionlab.org,Global Health & Development,http://www.openphilanthropy.org/focus/global-health-and-development,"$200,000 ",15-Sep
Urban Institute - Land Use Convening,http://www.openphilanthropy.org/focus/us-policy/land-use-reform/urban-institute-land-use-convening,Urban Institute,http://www.urban.org/,Land Use Reform,http://www.openphilanthropy.org/focus/us-policy/land-use-reform,"$97,865 ",15-Sep
Georgetown University - Public Health and Cannabis Legalization,http://www.openphilanthropy.org/focus/us-policy/miscellaneous/georgetown-university-public-health-and-cannabis-legalization,Georgetown University,http://www.law.georgetown.edu/oneillinstitute/,U.S. Policy,http://www.openphilanthropy.org/focus/us-policy,"$250,000 ",15-Aug
WaitList Zero - General Support,http://www.openphilanthropy.org/focus/us-policy/miscellaneous/waitlist-zero-general-support,WaitList Zero,http://waitlistzero.org/,U.S. Policy,http://www.openphilanthropy.org/focus/us-policy,"$200,000 ",15-Aug
ARNOVA - History of Philanthropy Prize,http://www.openphilanthropy.org/research/history-of-philanthropy/arnova-history-philanthropy-prize,ARNOVA,http://www.arnova.org/,History of Philanthropy,http://www.openphilanthropy.org/research/history-of-philanthropy,"$2,000 ",15-Aug
New York University - Support for a Labor Mobility RCT,http://www.openphilanthropy.org/focus/us-policy/immigration-policy/new-york-university-support-labor-mobility-rct,New York University,,Immigration Policy,http://www.openphilanthropy.org/focus/us-policy/immigration-policy,"$30,000 ",15-Aug
Future of Life Institute - Artificial Intelligence Risk Reduction,http://www.openphilanthropy.org/focus/global-catastrophic-risks/potential-risks-advanced-artificial-intelligence/future-life-institute-artificial-intelligence-risk-reduction,Future of Life Institute ,http://futureoflife.org/,Potential Risks from Advanced Artificial Intelligence,http://www.openphilanthropy.org/focus/global-catastrophic-risks/potential-risks-advanced-artificial-intelligence,"$1,186,000 ",15-Aug
Solar Radiation Management Governance Initiative - General Support,http://www.openphilanthropy.org/focus/global-catastrophic-risks/miscellaneous/solar-radiation-management-governance-initiative-general-support,Solar Radiation Management Governance Initiative,http://www.srmgi.org/,Global Catastrophic Risks,http://www.openphilanthropy.org/focus/global-catastrophic-risks,"$500,000 ",15-Jul
Smart Growth America - Greater Greater Washington Education Project,http://www.openphilanthropy.org/focus/us-policy/land-use-reform/smart-growth-america-greater-greater-washington-education-project,Smart Growth America,http://www.smartgrowthamerica.org/,Land Use Reform,http://www.openphilanthropy.org/focus/us-policy/land-use-reform,"$275,000 ",15-Jul
GiveDirectly - General Support 2015,http://www.openphilanthropy.org/focus/global-health-and-development/miscellaneous/givedirectly-general-support-2015,GiveDirectly,https://www.givedirectly.org/,Global Health & Development,http://www.openphilanthropy.org/focus/global-health-and-development,"$25,000,000 ",15-Jun
Brookings Institution _ Work on China and India,http://www.openphilanthropy.org/giving/grants/brookings-institution-work-china-and-india,Brookings Institution,http://www.brookings.edu/,Other areas,http://www.openphilanthropy.org/focus/other-areas,"$100,000 ",15-Jun
Blue Ribbon Study Panel on Biodefense,http://www.openphilanthropy.org/focus/global-catastrophic-risks/biosecurity/blue-ribbon-study-panel-biodefense-grant,Blue Ribbon Study Panel on Biodefense ,http://www.biodefensestudy.org/,Biosecurity and Pandemic Preparedness,http://www.openphilanthropy.org/focus/global-catastrophic-risks/biosecurity,"$300,000 ",15-Apr
New York University - Work on Swift-and-Certain Sanctions,http://www.openphilanthropy.org/focus/us-policy/criminal-justice-reform/new-york-university-work-swift-and-certain-sanctions,New York University,,Criminal Justice Reform,http://www.openphilanthropy.org/focus/us-policy/criminal-justice-reform,"$80,000 ",15-Apr
Carnegie Endowment for International Peace - Work on India and China,http://www.openphilanthropy.org/giving/grants/carnegie-endowment-international-peace-work-india-and-china,Carnegie Endowment for International Peace,http://carnegieendowment.org/,Other areas,http://www.openphilanthropy.org/focus/other-areas,"$100,000 ",15-Mar
New Incentives - General Support (2015),http://www.openphilanthropy.org/focus/global-health-and-development/miscellaneous/new-incentives-general-support-2015,New Incentives,http://www.newincentives.org/,Global Health & Development,http://www.openphilanthropy.org/focus/global-health-and-development,"$100,000 ",15-Mar
Florida State University Project on Accountable Justice - General Support,http://www.openphilanthropy.org/focus/us-policy/criminal-justice-reform/florida-state-university-project-accountable-justice-general-support,FSU Project on Accountable Justice,http://www.iog.fsu.edu/paj/index.html,Criminal Justice Reform,http://www.openphilanthropy.org/focus/us-policy/criminal-justice-reform,"$100,000 ",15-Feb
"ASUC - Effective Altruists of Berkeley ""DeCal"" University Course",http://www.openphilanthropy.org/giving/grants/asuc-effective-altruists-berkeley-decal-university-course,"Associated Students of the University of California, Berkeley",https://asuc.org/,Other areas,http://www.openphilanthropy.org/focus/other-areas,"$10,000 ",15-Feb
Center for Popular Democracy - Fed Up Campaign 2015,http://www.openphilanthropy.org/focus/us-policy/macroeconomic-policy/center-popular-democracy-fed-campaign-2015,Center for Popular Democracy,http://populardemocracy.org/,Macroeconomic Stabilization Policy,http://www.openphilanthropy.org/focus/us-policy/macroeconomic-policy,"$750,000 ",15-Jan
"GiveWell - Top Charity ""Participation"" Grants (2015)",http://www.openphilanthropy.org/focus/global-health-and-development/miscellaneous/givewell-top-charity-participation-grants-2015,GiveWell,http://www.givewell.org/,Global Health & Development,http://www.openphilanthropy.org/focus/global-health-and-development,"$500,000 ",15-Jan
Living Goods - General Support,http://www.openphilanthropy.org/focus/global-health-and-development/miscellaneous/living-goods-general-support,Living Goods,https://livinggoods.org/,Global Health & Development,http://www.openphilanthropy.org/focus/global-health-and-development,"$250,000 ",14-Dec
GiveDirectly - General Support 2014,http://www.openphilanthropy.org/focus/global-health-and-development/miscellaneous/givedirectly-general-support-2014,GiveDirectly,https://www.givedirectly.org/,Global Health & Development,http://www.openphilanthropy.org/focus/global-health-and-development,"$5,000,000 ",14-Dec
Deworm the World Initiative - General Support 2014,http://www.openphilanthropy.org/focus/global-health-and-development/miscellaneous/deworm-world-initiative-general-support-2014,Evidence Action,http://www.evidenceaction.org/,Global Health & Development,http://www.openphilanthropy.org/focus/global-health-and-development,"$250,000 ",14-Dec
Global Alliance for Improved Nutrition - General Support,http://www.openphilanthropy.org/focus/global-health-and-development/miscellaneous/global-alliance-improved-nutrition-general-support,Global Alliance for Improved Nutrition,http://www.gainhealth.org/,Global Health & Development,http://www.openphilanthropy.org/focus/global-health-and-development,"$250,000 ",14-Dec
Iodine Global Network - General Support,http://www.openphilanthropy.org/focus/global-health-and-development/miscellaneous/iodine-global-network-general-support,Iodine Global Network,http://www.ign.org/,Global Health & Development,http://www.openphilanthropy.org/focus/global-health-and-development,"$250,000 ",14-Dec
Development Media International - General Support,http://www.openphilanthropy.org/focus/global-health-and-development/miscellaneous/development-media-international-general-support,Development Media International,http://www.developmentmedia.net/,Global Health & Development,http://www.openphilanthropy.org/focus/global-health-and-development,"$250,000 ",14-Dec
Against Malaria Foundation - General Support 2014,http://www.openphilanthropy.org/focus/global-health-and-development/miscellaneous/against-malaria-foundation-general-support-2014,Against Malaria Foundation,https://www.againstmalaria.com/default.aspx,Global Health & Development,http://www.openphilanthropy.org/focus/global-health-and-development,"$5,000,000 ",14-Dec
Schistosomiasis Control Initiative - General Support 2014,http://www.openphilanthropy.org/focus/global-health-and-development/miscellaneous/schistosomiasis-control-initiative-general-support-2014,Schistosomiasis Control Initiative,https://www.imperial.ac.uk/schistosomiasis-control-initiative,Global Health & Development,http://www.openphilanthropy.org/focus/global-health-and-development,"$3,000,000 ",14-Dec
Center on Budget and Policy Priorities - Full Employment Project,http://www.openphilanthropy.org/focus/us-policy/macroeconomic-policy/center-budget-and-policy-priorities-full-employment-project,Center on Budget and Policy Priorities,http://www.cbpp.org/,Macroeconomic Stabilization Policy,http://www.openphilanthropy.org/focus/us-policy/macroeconomic-policy,"$335,000 ",14-Sep
Waitlist Zero - Planning Grant,http://www.openphilanthropy.org/focus/us-policy/miscellaneous/waitlist-zero-planning-grant,Waitlist Zero,http://waitlistzero.org/,U.S. Policy,http://www.openphilanthropy.org/focus/us-policy,"$50,000 ",14-Sep
IDinsight - Scaling Up a High-Potential Development Intervention,http://www.openphilanthropy.org/focus/global-health-and-development/miscellaneous/idinsight-scaling-high-potential-development-intervention,IDinsight,http://idinsight.org/,Global Health & Development,http://www.openphilanthropy.org/focus/global-health-and-development,"$34,382 ",14-Sep
Center for Popular Democracy - Federal Reserve Campaign,http://www.openphilanthropy.org/focus/us-policy/macroeconomic-policy/center-popular-democracy-federal-reserve-campaign,Center for Popular Democracy,http://populardemocracy.org/,Macroeconomic Stabilization Policy,http://www.openphilanthropy.org/focus/us-policy/macroeconomic-policy,"$100,000 ",14-Aug
RAND Corporation - Research for Vermont,http://www.openphilanthropy.org/focus/us-policy/miscellaneous/rand-corporation-research-vermont,RAND Corporation,http://www.rand.org/,U.S. Policy,http://www.openphilanthropy.org/focus/us-policy,"$103,000 ",14-Aug
Rockefeller Archive Center: Workshop on the History of Philanthropy,http://www.openphilanthropy.org/research/history-of-philanthropy/rockefeller-archive-center-workshop-history-philanthropy,Rockefeller Archive Center,http://www.rockarch.org/,History of Philanthropy,http://www.openphilanthropy.org/research/history-of-philanthropy,"$25,000 ",14-Aug
USAIM - Seasonal Migration from Haiti,http://www.openphilanthropy.org/focus/us-policy/immigration-policy/usaim-seasonal-migration-haiti,U.S. Association for International Migration,http://www.usaim.org/,Immigration Policy,http://www.openphilanthropy.org/focus/us-policy/immigration-policy,"$1,490,505 ",14-Jul
ImmigrationWorks Foundation - General Support,http://www.openphilanthropy.org/focus/us-policy/immigration-policy/immigrationworks-foundation-general-support,ImmigrationWorks Foundation,http://www.immigrationworksusa.org/index.php?p=520,Immigration Policy,http://www.openphilanthropy.org/focus/us-policy/immigration-policy,"$285,000 ",14-Jul
Alliance for Open Society International: Albanian Renaissance,http://www.openphilanthropy.org/giving/grants/alliance-open-society-international-albanian-renaissance,Alliance for Open Society International,,Other areas,http://www.openphilanthropy.org/focus/other-areas,"$500,000 ",14-Jul
Pew Public Safety Performance Project,http://www.openphilanthropy.org/focus/us-policy/criminal-justice-reform/pew-public-safety-performance-project,Pew Charitable Trusts,http://www.pewtrusts.org/en,Criminal Justice Reform,http://www.openphilanthropy.org/focus/us-policy/criminal-justice-reform,"$3,000,000 ",14-Jul
Pepperdine University - Washington THC Monitoring,http://www.openphilanthropy.org/focus/us-policy/miscellaneous/pepperdine-university-washington-thc-monitoring,Pepperdine University,,U.S. Policy,http://www.openphilanthropy.org/focus/us-policy,"$150,000 ",14-Jun
Cochrane Collaboration - General Support,http://www.openphilanthropy.org/giving/grants/cochrane-collaboration-general-support,Cochrane Collaboration,http://www.cochrane.org/,Other areas,http://www.openphilanthropy.org/focus/other-areas,"$300,000 ",14-Jun
"GiveWell - Top Charity ""Participation"" Grants (2014)",http://www.openphilanthropy.org/focus/global-health-and-development/miscellaneous/givewell-top-charity-participation-grants-2014,GiveWell,http://www.givewell.org/,Global Health & Development,http://www.openphilanthropy.org/focus/global-health-and-development,"$500,000 ",14-May
Evidence Action - Planning for Future Programs,http://www.openphilanthropy.org/focus/global-health-and-development/miscellaneous/evidence-action-planning-future-programs,Evidence Action,https://www.evidenceaction.org,Global Health & Development,http://www.openphilanthropy.org/focus/global-health-and-development,"$250,000 ",14-Mar
Center for Global Development - Labor Mobility Research,http://www.openphilanthropy.org/focus/us-policy/immigration-policy/center-global-development-labor-mobility-research,Center for Global Development,http://www.cgdev.org/,Immigration Policy,http://www.openphilanthropy.org/focus/us-policy/immigration-policy,"$1,184,720 ",14-Mar
Service Delivery Indicators Project,http://www.openphilanthropy.org/focus/global-health-and-development/service-delivery-indicators-project,International Development Association,http://www.worldbank.org/ida/,Other areas,http://www.openphilanthropy.org/focus/other-areas,"$500,000 ",14-Mar
New Incentives - General Support ,http://www.openphilanthropy.org/focus/global-health-and-development/miscellaneous/new-incentives-general-support,New Incentives,http://www.newincentives.org/,Global Health & Development,http://www.openphilanthropy.org/focus/global-health-and-development,"$100,000 ",14-Jan
GiveDirectly - General Support 2013,http://www.openphilanthropy.org/focus/global-health-and-development/miscellaneous/givedirectly-general-support-2013,GiveDirectly,https://www.givedirectly.org/,Global Health & Development,http://www.openphilanthropy.org/focus/global-health-and-development,"$7,000,000 ",14-Jan
Deworm the World Initiative - General Support,http://www.openphilanthropy.org/focus/global-health-and-development/miscellaneous/deworm-world-initiative-general-support,Evidence Action,http://www.evidenceaction.org/,Global Health & Development,http://www.openphilanthropy.org/focus/global-health-and-development,"$1,500,000 ",13-Dec
Schistosomiasis Control Initiative - General Support 2013,http://www.openphilanthropy.org/focus/global-health-and-development/miscellaneous/schistosomiasis-control-initiative-general-support-2013,Schistosomiasis Control Initiative,https://www.imperial.ac.uk/schistosomiasis-control-initiative,Global Health & Development,http://www.openphilanthropy.org/focus/global-health-and-development,"$750,000 ",13-Dec
BetaGov,http://www.openphilanthropy.org/focus/us-policy/criminal-justice-reform/betagov,Pepperdine University,http://www.pepperdine.edu/,Criminal Justice Reform,http://www.openphilanthropy.org/focus/us-policy/criminal-justice-reform,"$200,000 ",13-Dec
"Research on Crime, Incarceration and Cannabis Regulation",http://www.openphilanthropy.org/focus/us-policy/criminal-justice-reform/research-crime-incarceration-and-cannabis-regulation,Washington Office on Latin America,http://www.wola.org/,Criminal Justice Reform,http://www.openphilanthropy.org/focus/us-policy/criminal-justice-reform,"$245,000 ",13-Dec
Center for Global Development - General Support,http://www.openphilanthropy.org/focus/global-health-and-development/miscellaneous/center-global-development-general-support,Center for Global Development,http://www.cgdev.org/,Global Health & Development,http://www.openphilanthropy.org/focus/global-health-and-development,"$300,000 ",13-Jul
Update to Millions Saved Project,http://www.openphilanthropy.org/research/history-of-philanthropy/update-millions-saved-project,Center for Global Development,http://www.cgdev.org/,History of Philanthropy,http://www.openphilanthropy.org/research/history-of-philanthropy,"$50,000 ",13-Jun
Against Malaria Foundation - General Support,http://www.openphilanthropy.org/focus/global-health-and-development/miscellaneous/against-malaria-foundation-general-support,Against Malaria Foundation,https://www.againstmalaria.com/,Global Health & Development,http://www.openphilanthropy.org/focus/global-health-and-development,"$1,250,000 ",12-Dec
GiveDirectly - General Support,http://www.openphilanthropy.org/focus/global-health-and-development/miscellaneous/givedirectly-general-support,GiveDirectly,https://www.givedirectly.org/,Global Health & Development,http://www.openphilanthropy.org/focus/global-health-and-development,"$500,000 ",12-Dec
Schistosomiasis Control Initiative - General Support,http://www.openphilanthropy.org/focus/global-health-and-development/miscellaneous/schistosomiasis-control-initiative-general-support,Schistosomiasis Control Initiative,https://www.imperial.ac.uk/schistosomiasis-control-initiative,Global Health & Development,http://www.openphilanthropy.org/focus/global-health-and-development,"$250,000 ",12-Dec
Containment of Artemisinin Resistance in Eastern Myanmar,http://www.openphilanthropy.org/focus/global-health-and-development/miscellaneous/containment-artemisinin-resistance-eastern-myanmar,Population Services International,http://www.psi.org/,Other areas,http://www.openphilanthropy.org/focus/other-areas,"$1,000,000 ",12-Aug
US Cochrane Center - General Support,http://www.openphilanthropy.org/giving/grants/us-cochrane-center-general-support,United States Cochrane Center,http://us.cochrane.org/,Other areas,http://www.openphilanthropy.org/focus/other-areas,"$100,000 ",12-Jul